reward,episode,image,idx_in_image,dataset
30.65747613997879,,6.1-training_start-0.5-4.0_red_points.png,1,segment6_1_to_6_5
30.504180127746675,,6.1-training_start-0.5-4.0_red_points.png,2,segment6_1_to_6_5
24.22732092933577,,6.1-training_start-0.5-4.0_red_points.png,3,segment6_1_to_6_5
21.549893208668767,,6.1-training_start-0.5-4.0_red_points.png,4,segment6_1_to_6_5
18.509637577194187,,6.1-training_start-0.5-4.0_red_points.png,5,segment6_1_to_6_5
23.366801290584597,,6.1-training_start-0.5-4.0_red_points.png,6,segment6_1_to_6_5
14.852598091198304,,6.1-training_start-0.5-4.0_red_points.png,7,segment6_1_to_6_5
45.87143219870656,,6.1-training_start-0.5-4.0_red_points.png,8,segment6_1_to_6_5
29.409180427208,,6.1-training_start-0.5-4.0_red_points.png,9,segment6_1_to_6_5
32.96761562933355,,6.1-training_start-0.5-4.0_red_points.png,10,segment6_1_to_6_5
17.32767762460233,,6.1-training_start-0.5-4.0_red_points.png,11,segment6_1_to_6_5
17.104984093319196,,6.1-training_start-0.5-4.0_red_points.png,12,segment6_1_to_6_5
22.895015906680808,,6.1-training_start-0.5-4.0_red_points.png,13,segment6_1_to_6_5
39.60824117557946,,6.1-training_start-0.5-4.0_red_points.png,14,segment6_1_to_6_5
17.586649550706035,,6.1-training_start-0.5-4.0_red_points.png,15,segment6_1_to_6_5
36.63838812301167,,6.1-training_start-0.5-4.0_red_points.png,16,segment6_1_to_6_5
25.564130211999963,,6.1-training_start-0.5-4.0_red_points.png,17,segment6_1_to_6_5
21.408132399214228,,6.1-training_start-0.5-4.0_red_points.png,18,segment6_1_to_6_5
16.405090137857897,,6.1-training_start-0.5-4.0_red_points.png,19,segment6_1_to_6_5
30.687049124012365,,6.1-training_start-0.5-4.0_red_points.png,20,segment6_1_to_6_5
29.081491149359653,,6.1-training_start-0.5-4.0_red_points.png,21,segment6_1_to_6_5
35.10311271910673,,6.1-training_start-0.5-4.0_red_points.png,22,segment6_1_to_6_5
26.3626723223754,,6.1-training_start-0.5-4.0_red_points.png,23,segment6_1_to_6_5
21.336161187698835,,6.1-training_start-0.5-4.0_red_points.png,24,segment6_1_to_6_5
18.981972428419937,,6.1-training_start-0.5-4.0_red_points.png,25,segment6_1_to_6_5
16.844971041683657,,6.1-training_start-0.5-4.0_red_points.png,26,segment6_1_to_6_5
17.704135737009537,,6.1-training_start-0.5-4.0_red_points.png,27,segment6_1_to_6_5
17.68047356008927,,6.1-training_start-0.5-4.0_red_points.png,28,segment6_1_to_6_5
20.674181786487303,,6.1-training_start-0.5-4.0_red_points.png,29,segment6_1_to_6_5
31.63387141117788,,6.1-training_start-0.5-4.0_red_points.png,30,segment6_1_to_6_5
23.340402969247084,,6.1-training_start-0.5-4.0_red_points.png,31,segment6_1_to_6_5
34.75786496995405,,6.1-training_start-0.5-4.0_red_points.png,32,segment6_1_to_6_5
13.950046253469012,,6.1-training_start-0.5-4.0_red_points.png,33,segment6_1_to_6_5
17.591039783100655,,6.1-training_start-0.5-4.0_red_points.png,34,segment6_1_to_6_5
15.95970307529162,,6.1-training_start-0.5-4.0_red_points.png,35,segment6_1_to_6_5
32.089077412513255,,6.1-training_start-0.5-4.0_red_points.png,36,segment6_1_to_6_5
22.036055143160127,,6.1-training_start-0.5-4.0_red_points.png,37,segment6_1_to_6_5
32.98210096725473,,6.1-training_start-0.5-4.0_red_points.png,38,segment6_1_to_6_5
14.117709437963946,,6.1-training_start-0.5-4.0_red_points.png,39,segment6_1_to_6_5
25.026511134676564,,6.1-training_start-0.5-4.0_red_points.png,40,segment6_1_to_6_5
22.499337221633088,,6.1-training_start-0.5-4.0_red_points.png,41,segment6_1_to_6_5
21.45722870272181,,6.1-training_start-0.5-4.0_red_points.png,42,segment6_1_to_6_5
39.41208188795226,,6.1-training_start-0.5-4.0_red_points.png,43,segment6_1_to_6_5
14.655355249204668,,6.1-training_start-0.5-4.0_red_points.png,44,segment6_1_to_6_5
34.7011058930465,,6.1-training_start-0.5-4.0_red_points.png,45,segment6_1_to_6_5
25.149334872545204,,6.1-training_start-0.5-4.0_red_points.png,46,segment6_1_to_6_5
13.141025641025642,,6.2-training_start-0.5-4.0_red_points.png,1,segment6_1_to_6_5
13.247518610421828,,6.2-training_start-0.5-4.0_red_points.png,2,segment6_1_to_6_5
15.833333333333336,,6.2-training_start-0.5-4.0_red_points.png,3,segment6_1_to_6_5
45.64102564102564,,6.2-training_start-0.5-4.0_red_points.png,4,segment6_1_to_6_5
29.2948717948718,,6.2-training_start-0.5-4.0_red_points.png,5,segment6_1_to_6_5
24.51014159969384,,6.2-training_start-0.5-4.0_red_points.png,6,segment6_1_to_6_5
18.947763229678127,,6.2-training_start-0.5-4.0_red_points.png,7,segment6_1_to_6_5
31.047183690626312,,6.2-training_start-0.5-4.0_red_points.png,8,segment6_1_to_6_5
7.8992129982229,,6.2-training_start-0.5-4.0_red_points.png,9,segment6_1_to_6_5
5.876068376068375,,6.2-training_start-0.5-4.0_red_points.png,10,segment6_1_to_6_5
17.852564102564102,,6.2-training_start-0.5-4.0_red_points.png,11,segment6_1_to_6_5
18.685897435897434,,6.2-training_start-0.5-4.0_red_points.png,12,segment6_1_to_6_5
16.342948717948723,,6.2-training_start-0.5-4.0_red_points.png,13,segment6_1_to_6_5
23.04836252856055,,6.2-training_start-0.5-4.0_red_points.png,14,segment6_1_to_6_5
14.198717948717947,,6.2-training_start-0.5-4.0_red_points.png,15,segment6_1_to_6_5
41.7603200581924,,6.2-training_start-0.5-4.0_red_points.png,16,segment6_1_to_6_5
14.458770396270396,,6.2-training_start-0.5-4.0_red_points.png,17,segment6_1_to_6_5
16.066308243727597,,6.2-training_start-0.5-4.0_red_points.png,18,segment6_1_to_6_5
5.104946675743136,,6.2-training_start-0.5-4.0_red_points.png,19,segment6_1_to_6_5
10.989583333333336,,6.2-training_start-0.5-4.0_red_points.png,20,segment6_1_to_6_5
9.02403846153846,,6.2-training_start-0.5-4.0_red_points.png,21,segment6_1_to_6_5
12.467948717948715,,6.2-training_start-0.5-4.0_red_points.png,22,segment6_1_to_6_5
15.320512820512818,,6.2-training_start-0.5-4.0_red_points.png,23,segment6_1_to_6_5
22.396916146916148,,6.2-training_start-0.5-4.0_red_points.png,24,segment6_1_to_6_5
17.718195266272197,,6.2-training_start-0.5-4.0_red_points.png,25,segment6_1_to_6_5
26.705128205128204,,6.2-training_start-0.5-4.0_red_points.png,26,segment6_1_to_6_5
38.49023199023199,,6.2-training_start-0.5-4.0_red_points.png,27,segment6_1_to_6_5
12.738095238095234,,6.2-training_start-0.5-4.0_red_points.png,28,segment6_1_to_6_5
32.94871794871795,,6.2-training_start-0.5-4.0_red_points.png,29,segment6_1_to_6_5
36.8560338743825,,6.2-training_start-0.5-4.0_red_points.png,30,segment6_1_to_6_5
16.54380341880342,,6.2-training_start-0.5-4.0_red_points.png,31,segment6_1_to_6_5
18.7767094017094,,6.2-training_start-0.5-4.0_red_points.png,32,segment6_1_to_6_5
17.730643539467074,,6.2-training_start-0.5-4.0_red_points.png,33,segment6_1_to_6_5
28.705357142857142,,6.3-training_start-0.5-4.0_red_points.png,1,segment6_1_to_6_5
17.504038270377734,,6.3-training_start-0.5-4.0_red_points.png,2,segment6_1_to_6_5
16.891466733579108,,6.3-training_start-0.5-4.0_red_points.png,3,segment6_1_to_6_5
11.2379887342611,,6.3-training_start-0.5-4.0_red_points.png,4,segment6_1_to_6_5
44.18396597161219,,6.3-training_start-0.5-4.0_red_points.png,5,segment6_1_to_6_5
26.920525042515987,,6.3-training_start-0.5-4.0_red_points.png,6,segment6_1_to_6_5
29.663174797369628,,6.3-training_start-0.5-4.0_red_points.png,7,segment6_1_to_6_5
19.82604373757455,,6.3-training_start-0.5-4.0_red_points.png,8,segment6_1_to_6_5
13.687872763419485,,6.3-training_start-0.5-4.0_red_points.png,9,segment6_1_to_6_5
21.855427941902725,,6.3-training_start-0.5-4.0_red_points.png,10,segment6_1_to_6_5
22.91252485089463,,6.3-training_start-0.5-4.0_red_points.png,11,segment6_1_to_6_5
30.719391516072108,,6.3-training_start-0.5-4.0_red_points.png,12,segment6_1_to_6_5
15.96942156584304,,6.3-training_start-0.5-4.0_red_points.png,13,segment6_1_to_6_5
21.714711729622262,,6.3-training_start-0.5-4.0_red_points.png,14,segment6_1_to_6_5
21.391650099403577,,6.3-training_start-0.5-4.0_red_points.png,15,segment6_1_to_6_5
10.35618690094072,,6.3-training_start-0.5-4.0_red_points.png,16,segment6_1_to_6_5
21.714711729622262,,6.3-training_start-0.5-4.0_red_points.png,17,segment6_1_to_6_5
20.795228628230618,,6.3-training_start-0.5-4.0_red_points.png,18,segment6_1_to_6_5
32.22664015904573,,6.3-training_start-0.5-4.0_red_points.png,19,segment6_1_to_6_5
16.4665134194831,,6.3-training_start-0.5-4.0_red_points.png,20,segment6_1_to_6_5
29.462240640663065,,6.3-training_start-0.5-4.0_red_points.png,21,segment6_1_to_6_5
17.814699106945625,,6.3-training_start-0.5-4.0_red_points.png,22,segment6_1_to_6_5
19.08051689860835,,6.3-training_start-0.5-4.0_red_points.png,23,segment6_1_to_6_5
28.05168986083499,,6.3-training_start-0.5-4.0_red_points.png,24,segment6_1_to_6_5
14.47971263329116,,6.3-training_start-0.5-4.0_red_points.png,25,segment6_1_to_6_5
22.984574820580068,,6.3-training_start-0.5-4.0_red_points.png,26,segment6_1_to_6_5
41.10602289696367,,6.4-training_start-0.5-4.0_red_points.png,1,segment6_1_to_6_5
18.040816326530614,,6.4-training_start-0.5-4.0_red_points.png,2,segment6_1_to_6_5
21.07500662602704,,6.4-training_start-0.5-4.0_red_points.png,3,segment6_1_to_6_5
14.42857142857143,,6.4-training_start-0.5-4.0_red_points.png,4,segment6_1_to_6_5
40.78034371643394,,6.4-training_start-0.5-4.0_red_points.png,5,segment6_1_to_6_5
23.85075421472937,,6.4-training_start-0.5-4.0_red_points.png,6,segment6_1_to_6_5
16.48262548262548,,6.4-training_start-0.5-4.0_red_points.png,7,segment6_1_to_6_5
19.785714285714285,,6.4-training_start-0.5-4.0_red_points.png,8,segment6_1_to_6_5
20.428571428571427,,6.4-training_start-0.5-4.0_red_points.png,9,segment6_1_to_6_5
36.196273291925465,,6.4-training_start-0.5-4.0_red_points.png,10,segment6_1_to_6_5
19.116402116402117,,6.4-training_start-0.5-4.0_red_points.png,11,segment6_1_to_6_5
4.663265306122447,,6.4-training_start-0.5-4.0_red_points.png,12,segment6_1_to_6_5
21.803862484591157,,6.4-training_start-0.5-4.0_red_points.png,13,segment6_1_to_6_5
16.357142857142854,,6.4-training_start-0.5-4.0_red_points.png,14,segment6_1_to_6_5
16.537547057658017,,6.4-training_start-0.5-4.0_red_points.png,15,segment6_1_to_6_5
12.813867715761,,6.4-training_start-0.5-4.0_red_points.png,16,segment6_1_to_6_5
9.897959183673471,,6.4-training_start-0.5-4.0_red_points.png,17,segment6_1_to_6_5
22.427551020408163,,6.4-training_start-0.5-4.0_red_points.png,18,segment6_1_to_6_5
11.898163265306115,,6.4-training_start-0.5-4.0_red_points.png,19,segment6_1_to_6_5
31.112244897959183,,6.4-training_start-0.5-4.0_red_points.png,20,segment6_1_to_6_5
6.015063168124392,,6.4-training_start-0.5-4.0_red_points.png,21,segment6_1_to_6_5
9.106413994169095,,6.4-training_start-0.5-4.0_red_points.png,22,segment6_1_to_6_5
18.020687727145653,,6.4-training_start-0.5-4.0_red_points.png,23,segment6_1_to_6_5
16.55498020103564,,6.4-training_start-0.5-4.0_red_points.png,24,segment6_1_to_6_5
12.065862708719855,,6.4-training_start-0.5-4.0_red_points.png,25,segment6_1_to_6_5
19.293563579277865,,6.4-training_start-0.5-4.0_red_points.png,26,segment6_1_to_6_5
19.50110314396029,,6.4-training_start-0.5-4.0_red_points.png,27,segment6_1_to_6_5
18.129251700680275,,6.4-training_start-0.5-4.0_red_points.png,28,segment6_1_to_6_5
15.01277894335304,,6.4-training_start-0.5-4.0_red_points.png,29,segment6_1_to_6_5
10.084924292297558,,6.4-training_start-0.5-4.0_red_points.png,30,segment6_1_to_6_5
26.85084033613445,,6.4-training_start-0.5-4.0_red_points.png,31,segment6_1_to_6_5
22.540816326530614,,6.4-training_start-0.5-4.0_red_points.png,32,segment6_1_to_6_5
12.716970998925897,,6.4-training_start-0.5-4.0_red_points.png,33,segment6_1_to_6_5
15.50534499514091,,6.4-training_start-0.5-4.0_red_points.png,34,segment6_1_to_6_5
28.051020408163264,,6.4-training_start-0.5-4.0_red_points.png,35,segment6_1_to_6_5
19.65961430443737,,6.4-training_start-0.5-4.0_red_points.png,36,segment6_1_to_6_5
15.993129925237426,,6.4-training_start-0.5-4.0_red_points.png,37,segment6_1_to_6_5
11.286157941437445,,6.4-training_start-0.5-4.0_red_points.png,38,segment6_1_to_6_5
8.063829787234042,,6.4-training_start-0.5-4.0_red_points.png,39,segment6_1_to_6_5
13.476879359338676,,6.4-training_start-0.5-4.0_red_points.png,40,segment6_1_to_6_5
23.09183673469388,,6.4-training_start-0.5-4.0_red_points.png,41,segment6_1_to_6_5
8.642857142857146,,6.4-training_start-0.5-4.0_red_points.png,42,segment6_1_to_6_5
17.181615503344197,,6.4-training_start-0.5-4.0_red_points.png,43,segment6_1_to_6_5
20.79591836734694,,6.4-training_start-0.5-4.0_red_points.png,44,segment6_1_to_6_5
24.711288711288717,,6.4-training_start-0.5-4.0_red_points.png,45,segment6_1_to_6_5
11.948979591836732,,6.4-training_start-0.5-4.0_red_points.png,46,segment6_1_to_6_5
30.761904761904763,,6.4-training_start-0.5-4.0_red_points.png,47,segment6_1_to_6_5
26.918367346938776,,6.4-training_start-0.5-4.0_red_points.png,48,segment6_1_to_6_5
17.027034190299496,,6.4-training_start-0.5-4.0_red_points.png,49,segment6_1_to_6_5
12.346938775510203,,6.4-training_start-0.5-4.0_red_points.png,50,segment6_1_to_6_5
0.3563579277865045,,6.4-training_start-0.5-4.0_red_points.png,51,segment6_1_to_6_5
44.79134083539958,,6.4-training_start-0.5-4.0_red_points.png,52,segment6_1_to_6_5
21.626901669758816,,6.4-training_start-0.5-4.0_red_points.png,53,segment6_1_to_6_5
19.163999412714727,,6.4-training_start-0.5-4.0_red_points.png,54,segment6_1_to_6_5
18.4359124944942,,6.4-training_start-0.5-4.0_red_points.png,55,segment6_1_to_6_5
32.03259433269711,,6.4-training_start-0.5-4.0_red_points.png,56,segment6_1_to_6_5
13.204081632653065,,6.4-training_start-0.5-4.0_red_points.png,57,segment6_1_to_6_5
12.836734693877553,,6.4-training_start-0.5-4.0_red_points.png,58,segment6_1_to_6_5
9.98979591836735,,6.4-training_start-0.5-4.0_red_points.png,59,segment6_1_to_6_5
23.03061224489796,,6.4-training_start-0.5-4.0_red_points.png,60,segment6_1_to_6_5
17.824002995693697,,6.4-training_start-0.5-4.0_red_points.png,61,segment6_1_to_6_5
23.60932944606414,,6.4-training_start-0.5-4.0_red_points.png,62,segment6_1_to_6_5
17.544526901669762,,6.4-training_start-0.5-4.0_red_points.png,63,segment6_1_to_6_5
18.163265306122447,,6.4-training_start-0.5-4.0_red_points.png,64,segment6_1_to_6_5
19.475295381310417,,6.4-training_start-0.5-4.0_red_points.png,65,segment6_1_to_6_5
8.870032223415677,,6.4-training_start-0.5-4.0_red_points.png,66,segment6_1_to_6_5
14.642857142857146,,6.4-training_start-0.5-4.0_red_points.png,67,segment6_1_to_6_5
26.861464585834334,,6.4-training_start-0.5-4.0_red_points.png,68,segment6_1_to_6_5
17.742105263157896,,6.5-training_start-0.5-4.0_red_points.png,1,segment6_1_to_6_5
31.63157894736842,,6.5-training_start-0.5-4.0_red_points.png,2,segment6_1_to_6_5
33.62719298245614,,6.5-training_start-0.5-4.0_red_points.png,3,segment6_1_to_6_5
22.133138401559457,,6.5-training_start-0.5-4.0_red_points.png,4,segment6_1_to_6_5
34.734175438596495,,6.5-training_start-0.5-4.0_red_points.png,5,segment6_1_to_6_5
22.13198380566802,,6.5-training_start-0.5-4.0_red_points.png,6,segment6_1_to_6_5
30.489473684210527,,6.5-training_start-0.5-4.0_red_points.png,7,segment6_1_to_6_5
10.808771929824566,,6.5-training_start-0.5-4.0_red_points.png,8,segment6_1_to_6_5
19.95743707093821,,6.5-training_start-0.5-4.0_red_points.png,9,segment6_1_to_6_5
23.955417956656348,,6.5-training_start-0.5-4.0_red_points.png,10,segment6_1_to_6_5
16.855245958032334,,6.5-training_start-0.5-4.0_red_points.png,11,segment6_1_to_6_5
17.581904198698993,,6.5-training_start-0.5-4.0_red_points.png,12,segment6_1_to_6_5
21.94607287449393,,6.5-training_start-0.5-4.0_red_points.png,13,segment6_1_to_6_5
16.121052631578948,,6.5-training_start-0.5-4.0_red_points.png,14,segment6_1_to_6_5
48.28105263157895,,6.5-training_start-0.5-4.0_red_points.png,15,segment6_1_to_6_5
18.84736842105263,,6.5-training_start-0.5-4.0_red_points.png,16,segment6_1_to_6_5
7.5,,6.5-training_start-0.5-4.0_red_points.png,17,segment6_1_to_6_5
22.96666666666667,,6.5-training_start-0.5-4.0_red_points.png,18,segment6_1_to_6_5
13.76969439728353,,6.5-training_start-0.5-4.0_red_points.png,19,segment6_1_to_6_5
17.299999999999997,,6.5-training_start-0.5-4.0_red_points.png,20,segment6_1_to_6_5
32.7298719772404,,6.5-training_start-0.5-4.0_red_points.png,21,segment6_1_to_6_5
12.61035653650255,,6.5-training_start-0.5-4.0_red_points.png,22,segment6_1_to_6_5
51.09145815358068,,6.5-training_start-0.5-4.0_red_points.png,23,segment6_1_to_6_5
18.343463497453307,,6.5-training_start-0.5-4.0_red_points.png,24,segment6_1_to_6_5
26.10526315789474,,6.5-training_start-0.5-4.0_red_points.png,25,segment6_1_to_6_5
32.945159194282,,6.5-training_start-0.5-4.0_red_points.png,26,segment6_1_to_6_5
25.286457717327025,,6.5-training_start-0.5-4.0_red_points.png,27,segment6_1_to_6_5
13.799999999999995,,6.5-training_start-0.5-4.0_red_points.png,28,segment6_1_to_6_5
10.129567821994002,,6.5-training_start-0.5-4.0_red_points.png,29,segment6_1_to_6_5
11.57236842105263,,6.5-training_start-0.5-4.0_red_points.png,30,segment6_1_to_6_5
31.377421815408088,,6.5-training_start-0.5-4.0_red_points.png,31,segment6_1_to_6_5
16.56315789473684,,6.5-training_start-0.5-4.0_red_points.png,32,segment6_1_to_6_5
28.94210526315789,,6.5-training_start-0.5-4.0_red_points.png,33,segment6_1_to_6_5
12.363157894736844,,6.5-training_start-0.5-4.0_red_points.png,34,segment6_1_to_6_5
17.820701754385972,,6.5-training_start-0.5-4.0_red_points.png,35,segment6_1_to_6_5
26.4,,6.5-training_start-0.5-4.0_red_points.png,36,segment6_1_to_6_5
19.624122807017542,,6.5-training_start-0.5-4.0_red_points.png,37,segment6_1_to_6_5
31.00126823081801,,6.5-training_start-0.5-4.0_red_points.png,38,segment6_1_to_6_5
17.339649122807018,,6.5-training_start-0.5-4.0_red_points.png,39,segment6_1_to_6_5
28.057894736842105,,6.5-training_start-0.5-4.0_red_points.png,40,segment6_1_to_6_5
34.168637346791634,,6.5-training_start-0.5-4.0_red_points.png,41,segment6_1_to_6_5
26.51052631578948,,6.5-training_start-0.5-4.0_red_points.png,42,segment6_1_to_6_5
21.647368421052636,,6.5-training_start-0.5-4.0_red_points.png,43,segment6_1_to_6_5
14.012413793103448,,6.5-training_start-0.5-4.0_red_points.png,44,segment6_1_to_6_5
17.22631578947368,,6.5-training_start-0.5-4.0_red_points.png,45,segment6_1_to_6_5
4.743540669856465,,6.5-training_start-0.5-4.0_red_points.png,46,segment6_1_to_6_5
23.078664402942834,,6.5-training_start-0.5-4.0_red_points.png,47,segment6_1_to_6_5
27.22255639097744,,6.5-training_start-0.5-4.0_red_points.png,48,segment6_1_to_6_5
26.405097649784835,,6.5-training_start-0.5-4.0_red_points.png,49,segment6_1_to_6_5
26.50759198882161,,6.5-training_start-0.5-4.0_red_points.png,50,segment6_1_to_6_5
19.668001863064735,,6.5-training_start-0.5-4.0_red_points.png,51,segment6_1_to_6_5
47.87894736842105,,6.5-training_start-0.5-4.0_red_points.png,52,segment6_1_to_6_5
17.926315789473684,,6.5-training_start-0.5-4.0_red_points.png,53,segment6_1_to_6_5
10.591862635311678,,6.5-training_start-0.5-4.0_red_points.png,54,segment6_1_to_6_5
23.41578947368421,,6.5-training_start-0.5-4.0_red_points.png,55,segment6_1_to_6_5
32.13861386138614,,6.5-training_start-0.5-4.0_red_points.png,56,segment6_1_to_6_5
10.568210526315788,,6.5-training_start-0.5-4.0_red_points.png,57,segment6_1_to_6_5
21.71171929824561,,6.5-training_start-0.5-4.0_red_points.png,58,segment6_1_to_6_5
16.05789473684211,,6.5-training_start-0.5-4.0_red_points.png,59,segment6_1_to_6_5
23.121052631578948,,6.5-training_start-0.5-4.0_red_points.png,60,segment6_1_to_6_5
0.6473684210526329,,6.5-training_start-0.5-4.0_red_points.png,61,segment6_1_to_6_5
15.818421052631578,,6.5-training_start-0.5-4.0_red_points.png,62,segment6_1_to_6_5
14.540679824561408,,6.5-training_start-0.5-4.0_red_points.png,63,segment6_1_to_6_5
5.805263157894736,,6.5-training_start-0.5-4.0_red_points.png,64,segment6_1_to_6_5
26.73157894736842,,6.5-training_start-0.5-4.0_red_points.png,65,segment6_1_to_6_5
11.504736842105268,,6.5-training_start-0.5-4.0_red_points.png,66,segment6_1_to_6_5
22.421052631578945,,6.5-training_start-0.5-4.0_red_points.png,67,segment6_1_to_6_5
3.336842105263159,,6.5-training_start-0.5-4.0_red_points.png,68,segment6_1_to_6_5
17.628027901078,,6.5-training_start-0.5-4.0_red_points.png,69,segment6_1_to_6_5
26.07877536979704,,6.5-training_start-0.5-4.0_red_points.png,70,segment6_1_to_6_5
2.445933014354061,,6.5-training_start-0.5-4.0_red_points.png,71,segment6_1_to_6_5
19.32631578947368,,6.5-training_start-0.5-4.0_red_points.png,72,segment6_1_to_6_5
14.768235006887137,0,1-123.png,1,1-123
16.874921848849763,1,1-123.png,2,1-123
18.245742328506545,2,1-123.png,3,1-123
26.37287053701488,3,1-123.png,4,1-123
20.76039962731256,4,1-123.png,5,1-123
23.572476074340365,5,1-123.png,6,1-123
15.870844418853649,6,1-123.png,7,1-123
20.668703058363143,7,1-123.png,8,1-123
10.68191141592871,8,1-123.png,9,1-123
24.55545440028357,9,1-123.png,10,1-123
29.95372015295083,10,1-123.png,11,1-123
20.128876483096416,12,1-123.png,12,1-123
22.148005595277187,12,1-123.png,13,1-123
18.2705079854828,14,1-123.png,14,1-123
29.068119198636605,15,1-123.png,15,1-123
28.226275112097305,16,1-123.png,16,1-123
23.491577003547864,17,1-123.png,17,1-123
26.83821471139037,18,1-123.png,18,1-123
22.25428063209343,19,1-123.png,19,1-123
25.725078646694808,20,1-123.png,20,1-123
14.714252349360464,21,1-123.png,21,1-123
16.69872845275576,22,1-123.png,22,1-123
13.560986484017914,23,1-123.png,23,1-123
19.67902100370748,24,1-123.png,24,1-123
15.165019844685094,25,1-123.png,25,1-123
18.547617036785404,26,1-123.png,26,1-123
37.43714735176884,27,1-123.png,27,1-123
30.24472343940285,29,1-123.png,28,1-123
23.85015924433726,30,1-123.png,29,1-123
10.578882568082818,31,1-123.png,30,1-123
22.072252154056628,32,1-123.png,31,1-123
18.134675035166644,35,1-123.png,32,1-123
18.32945456554066,36,1-123.png,33,1-123
26.48522814178824,37,1-123.png,34,1-123
14.424709004444676,38,1-123.png,35,1-123
30.403575632339766,39,1-123.png,36,1-123
26.879162431090798,40,1-123.png,37,1-123
19.91294585298973,41,1-123.png,38,1-123
23.099239297246985,42,1-123.png,39,1-123
24.175372423820264,43,1-123.png,40,1-123
33.57200299855856,44,1-123.png,41,1-123
26.212362101968907,45,1-123.png,42,1-123
19.80498053793638,45,1-123.png,43,1-123
13.405258735350436,47,1-123.png,44,1-123
24.375512208527997,48,1-123.png,45,1-123
27.740431194357253,49,1-123.png,46,1-123
17.91931046640123,50,1-123.png,47,1-123
24.982721391771275,51,1-123.png,48,1-123
26.16046818517791,51,1-123.png,49,1-123
18.63944086888401,55,1-123.png,50,1-123
19.227483821591854,56,1-123.png,51,1-123
23.88966829078794,57,1-123.png,52,1-123
34.84355349997681,58,1-123.png,53,1-123
24.660603228857266,60,1-123.png,54,1-123
26.91269711228161,62,1-123.png,55,1-123
17.575845923650895,63,1-123.png,56,1-123
21.5324255787899,64,1-123.png,57,1-123
28.20828089292175,66,1-123.png,58,1-123
17.033870784900518,66,1-123.png,59,1-123
13.806646693632048,67,1-123.png,60,1-123
25.169689503492464,69,1-123.png,61,1-123
24.605914379982224,71,1-123.png,62,1-123
19.298813737362757,71,1-123.png,63,1-123
18.671344729876253,73,1-123.png,64,1-123
18.709218276902902,74,1-123.png,65,1-123
19.35433286021896,75,1-123.png,66,1-123
21.65838511301881,76,1-123.png,67,1-123
16.099441567948624,77,1-123.png,68,1-123
15.522356374153684,78,1-123.png,69,1-123
25.149263633076966,79,1-123.png,70,1-123
19.319136620196325,80,1-123.png,71,1-123
34.92012464540471,81,1-123.png,72,1-123
19.750997880409702,84,1-123.png,73,1-123
16.799945935618272,85,1-123.png,74,1-123
21.870716899290382,86,1-123.png,75,1-123
25.50509526452155,87,1-123.png,76,1-123
20.135606028479145,89,1-123.png,77,1-123
25.74210673329718,90,1-123.png,78,1-123
21.176107617097333,92,1-123.png,79,1-123
22.73469050184518,93,1-123.png,80,1-123
19.465265498995635,95,1-123.png,81,1-123
14.979830666010624,96,1-123.png,82,1-123
18.7793100449296,97,1-123.png,83,1-123
21.28224089290324,98,1-123.png,84,1-123
20.27461184235984,99,1-123.png,85,1-123
22.14127107692178,100,1-123.png,86,1-123
21.71236777054548,101,1-123.png,87,1-123
27.97147696857141,103,1-123.png,88,1-123
29.211976144811477,104,1-123.png,89,1-123
32.11519443223166,105,1-123.png,90,1-123
32.83279522104004,106,1-123.png,91,1-123
28.602193948339156,107,1-123.png,92,1-123
12.103454730797754,108,1-123.png,93,1-123
29.917731714599714,109,1-123.png,94,1-123
7.423656958224441,110,1-123.png,95,1-123
20.938616345996504,111,1-123.png,96,1-123
32.70834921926515,112,1-123.png,97,1-123
19.894951633814166,113,1-123.png,98,1-123
16.871922812320502,114,1-123.png,99,1-123
18.611497289803477,115,1-123.png,100,1-123
14.114573344536538,116,1-123.png,101,1-123
10.394003909119789,117,1-123.png,102,1-123
15.432385278275898,118,1-123.png,103,1-123
19.625038346180805,118,1-123.png,104,1-123
26.210922564434863,119,1-123.png,105,1-123
21.082570099400964,120,1-123.png,106,1-123
17.662186579171752,121,1-123.png,107,1-123
