reward,image,point_idx
34.17308433129204,6.1-training_start-0.5-4.0_red_points.png,1
34.043044136504164,6.1-training_start-0.5-4.0_red_points.png,2
26.49119350911232,6.1-training_start-0.5-4.0_red_points.png,3
23.942695329085492,6.1-training_start-0.5-4.0_red_points.png,4
28.038892456829398,6.1-training_start-0.5-4.0_red_points.png,5
20.860012883222467,6.1-training_start-0.5-4.0_red_points.png,6
46.98516902412401,6.1-training_start-0.5-4.0_red_points.png,7
33.125085896137776,6.1-training_start-0.5-4.0_red_points.png,8
36.12331685227294,6.1-training_start-0.5-4.0_red_points.png,9
22.949388281511048,6.1-training_start-0.5-4.0_red_points.png,10
22.764985956318355,6.1-training_start-0.5-4.0_red_points.png,11
27.637089495620053,6.1-training_start-0.5-4.0_red_points.png,12
23.167442754027,6.1-training_start-0.5-4.0_red_points.png,13
39.211715974827015,6.1-training_start-0.5-4.0_red_points.png,14
29.879659190964762,6.1-training_start-0.5-4.0_red_points.png,15
26.383551368400013,6.1-training_start-0.5-4.0_red_points.png,16
22.172569223172985,6.1-training_start-0.5-4.0_red_points.png,17
24.741429488504725,6.1-training_start-0.5-4.0_red_points.png,18
34.19656870528053,6.1-training_start-0.5-4.0_red_points.png,19
32.851599036647976,6.1-training_start-0.5-4.0_red_points.png,20
37.90181581131475,6.1-training_start-0.5-4.0_red_points.png,21
30.556857680407948,6.1-training_start-0.5-4.0_red_points.png,22
24.34230521370344,6.1-training_start-0.5-4.0_red_points.png,23
22.547585320301707,6.1-training_start-0.5-4.0_red_points.png,24
23.270830650478523,6.1-training_start-0.5-4.0_red_points.png,25
23.244043786397903,6.1-training_start-0.5-4.0_red_points.png,26
25.76412376240387,6.1-training_start-0.5-4.0_red_points.png,27
34.993023707418416,6.1-training_start-0.5-4.0_red_points.png,28
28.012105592748775,6.1-training_start-0.5-4.0_red_points.png,29
37.628589797692385,6.1-training_start-0.5-4.0_red_points.png,30
20.109980688965024,6.1-training_start-0.5-4.0_red_points.png,31
23.172071000080273,6.1-training_start-0.5-4.0_red_points.png,32
21.797553126044264,6.1-training_start-0.5-4.0_red_points.png,33
35.39787557998653,6.1-training_start-0.5-4.0_red_points.png,34
26.913844165443237,6.1-training_start-0.5-4.0_red_points.png,35
36.13091235746192,6.1-training_start-0.5-4.0_red_points.png,36
20.262871867025197,6.1-training_start-0.5-4.0_red_points.png,37
27.31324830300357,6.1-training_start-0.5-4.0_red_points.png,38
26.42470868846419,6.1-training_start-0.5-4.0_red_points.png,39
41.558818021966,6.1-training_start-0.5-4.0_red_points.png,40
20.699291698738726,6.1-training_start-0.5-4.0_red_points.png,41
37.575016069531145,6.1-training_start-0.5-4.0_red_points.png,42
13.969922953764488,6.2-training_start-0.5-4.0_red_points.png,1
14.014438274889212,6.2-training_start-0.5-4.0_red_points.png,2
15.374078000760381,6.2-training_start-0.5-4.0_red_points.png,3
31.047174081074576,6.2-training_start-0.5-4.0_red_points.png,4
22.45225042412808,6.2-training_start-0.5-4.0_red_points.png,5
19.935887901371647,6.2-training_start-0.5-4.0_red_points.png,6
17.01323371985606,6.2-training_start-0.5-4.0_red_points.png,7
23.377670910108957,6.2-training_start-0.5-4.0_red_points.png,8
11.199167054050942,6.2-training_start-0.5-4.0_red_points.png,9
10.13748973694183,6.2-training_start-0.5-4.0_red_points.png,10
16.435803864265537,6.2-training_start-0.5-4.0_red_points.png,11
16.873976442854968,6.2-training_start-0.5-4.0_red_points.png,12
15.631796073611206,6.2-training_start-0.5-4.0_red_points.png,13
19.17177795812918,6.2-training_start-0.5-4.0_red_points.png,14
14.514585635065732,6.2-training_start-0.5-4.0_red_points.png,15
29.006758624688445,6.2-training_start-0.5-4.0_red_points.png,16
14.663509282262925,6.2-training_start-0.5-4.0_red_points.png,17
15.494916101402477,6.2-training_start-0.5-4.0_red_points.png,18
9.731349483635377,6.2-training_start-0.5-4.0_red_points.png,19
12.826429180781691,6.2-training_start-0.5-4.0_red_points.png,20
11.79370244994022,6.2-training_start-0.5-4.0_red_points.png,21
13.604534894918459,6.2-training_start-0.5-4.0_red_points.png,22
15.105942542220582,6.2-training_start-0.5-4.0_red_points.png,23
17.145555033493938,6.2-training_start-0.5-4.0_red_points.png,24
18.827027722636053,6.2-training_start-0.5-4.0_red_points.png,25
16.360966044454305,6.2-training_start-0.5-4.0_red_points.png,26
21.093036154423416,6.2-training_start-0.5-4.0_red_points.png,27
27.289001580096013,6.2-training_start-0.5-4.0_red_points.png,28
13.750236876990794,6.2-training_start-0.5-4.0_red_points.png,29
26.41964416572768,6.2-training_start-0.5-4.0_red_points.png,30
15.744839413412976,6.2-training_start-0.5-4.0_red_points.png,31
16.920172918335208,6.2-training_start-0.5-4.0_red_points.png,32
16.374214571750517,6.2-training_start-0.5-4.0_red_points.png,33
27.109185522178628,6.3-training_start-0.5-4.0_red_points.png,1
15.641537520497096,6.3-training_start-0.5-4.0_red_points.png,2
15.030125621229715,6.3-training_start-0.5-4.0_red_points.png,3
9.269111557809005,6.3-training_start-0.5-4.0_red_points.png,4
42.9294322557213,6.3-training_start-0.5-4.0_red_points.png,5
25.263646842643652,6.3-training_start-0.5-4.0_red_points.png,6
28.077825761501614,6.3-training_start-0.5-4.0_red_points.png,7
11.755119327794738,6.3-training_start-0.5-4.0_red_points.png,8
20.103505101941046,6.3-training_start-0.5-4.0_red_points.png,9
21.18461720915672,6.3-training_start-0.5-4.0_red_points.png,10
29.151102880649685,6.3-training_start-0.5-4.0_red_points.png,11
14.092860294505165,6.3-training_start-0.5-4.0_red_points.png,12
19.959561696976433,6.3-training_start-0.5-4.0_red_points.png,13
19.629704296893905,6.3-training_start-0.5-4.0_red_points.png,14
8.353436113995109,6.3-training_start-0.5-4.0_red_points.png,15
19.95752323227787,6.3-training_start-0.5-4.0_red_points.png,16
19.020626505237395,6.3-training_start-0.5-4.0_red_points.png,17
30.696711209238277,6.3-training_start-0.5-4.0_red_points.png,18
14.596776629837862,6.3-training_start-0.5-4.0_red_points.png,19
27.87201854597611,6.3-training_start-0.5-4.0_red_points.png,20
17.26637920022633,6.3-training_start-0.5-4.0_red_points.png,21
21.252318945812107,6.3-training_start-0.5-4.0_red_points.png,22
20.287989651748497,6.4-training_start-0.5-4.0_red_points.png,1
23.14800353705685,6.4-training_start-0.5-4.0_red_points.png,2
16.881868208708006,6.4-training_start-0.5-4.0_red_points.png,3
41.669533775036825,6.4-training_start-0.5-4.0_red_points.png,4
25.742992385709215,6.4-training_start-0.5-4.0_red_points.png,5
18.81075739911919,6.4-training_start-0.5-4.0_red_points.png,6
21.920011616498414,6.4-training_start-0.5-4.0_red_points.png,7
22.524588825433263,6.4-training_start-0.5-4.0_red_points.png,8
37.3511251397879,6.4-training_start-0.5-4.0_red_points.png,9
7.698052511078629,6.4-training_start-0.5-4.0_red_points.png,10
23.82011141600794,6.4-training_start-0.5-4.0_red_points.png,11
18.676901571318687,6.4-training_start-0.5-4.0_red_points.png,12
18.86652063374853,6.4-training_start-0.5-4.0_red_points.png,13
15.382316456525913,6.4-training_start-0.5-4.0_red_points.png,14
12.635255338423711,6.4-training_start-0.5-4.0_red_points.png,15
24.42468862494279,6.4-training_start-0.5-4.0_red_points.png,16
14.501380729643337,6.4-training_start-0.5-4.0_red_points.png,17
32.57208625011242,6.4-training_start-0.5-4.0_red_points.png,18
8.964785710751642,6.4-training_start-0.5-4.0_red_points.png,19
11.872514191819256,6.4-training_start-0.5-4.0_red_points.png,20
20.256451677370094,6.4-training_start-0.5-4.0_red_points.png,21
14.66508510928022,6.4-training_start-0.5-4.0_red_points.png,22
21.441647097276437,6.4-training_start-0.5-4.0_red_points.png,23
21.655533078748498,6.4-training_start-0.5-4.0_red_points.png,24
20.35973952920063,6.4-training_start-0.5-4.0_red_points.png,25
17.433664867656482,6.4-training_start-0.5-4.0_red_points.png,26
28.566158083993194,6.4-training_start-0.5-4.0_red_points.png,27
24.5168146758281,6.4-training_start-0.5-4.0_red_points.png,28
15.29326017960988,6.4-training_start-0.5-4.0_red_points.png,29
17.89199045955678,6.4-training_start-0.5-4.0_red_points.png,30
29.693147159946477,6.4-training_start-0.5-4.0_red_points.png,31
18.35320173983748,6.4-training_start-0.5-4.0_red_points.png,32
13.924300029412791,6.4-training_start-0.5-4.0_red_points.png,33
10.893674901162832,6.4-training_start-0.5-4.0_red_points.png,34
15.971320031353187,6.4-training_start-0.5-4.0_red_points.png,35
25.029265833877638,6.4-training_start-0.5-4.0_red_points.png,36
11.453416173447557,6.4-training_start-0.5-4.0_red_points.png,37
19.470977968620275,6.4-training_start-0.5-4.0_red_points.png,38
22.890693913066034,6.4-training_start-0.5-4.0_red_points.png,39
26.549905467197238,6.4-training_start-0.5-4.0_red_points.png,40
14.549927545673583,6.4-training_start-0.5-4.0_red_points.png,41
32.245572426471654,6.4-training_start-0.5-4.0_red_points.png,42
28.627939696585074,6.4-training_start-0.5-4.0_red_points.png,43
19.32896643534906,6.4-training_start-0.5-4.0_red_points.png,44
14.921077260811195,6.4-training_start-0.5-4.0_red_points.png,45
3.647606668068228,6.4-training_start-0.5-4.0_red_points.png,46
45.435079477600176,6.4-training_start-0.5-4.0_red_points.png,47
23.647375070597985,6.4-training_start-0.5-4.0_red_points.png,48
12.69571083791358,6.4-training_start-0.5-4.0_red_points.png,49
20.653278416825394,6.4-training_start-0.5-4.0_red_points.png,50
33.435767977162214,6.4-training_start-0.5-4.0_red_points.png,51
15.730292572641623,6.4-training_start-0.5-4.0_red_points.png,52
15.38250127315849,6.4-training_start-0.5-4.0_red_points.png,53
12.688929754702137,6.4-training_start-0.5-4.0_red_points.png,54
24.97168705207432,6.4-training_start-0.5-4.0_red_points.png,55
20.06926505853459,6.4-training_start-0.5-4.0_red_points.png,56
25.51868547920585,6.4-training_start-0.5-4.0_red_points.png,57
19.81227924018298,6.4-training_start-0.5-4.0_red_points.png,58
20.394173898710463,6.4-training_start-0.5-4.0_red_points.png,59
21.6298646247156,6.4-training_start-0.5-4.0_red_points.png,60
11.66544515663837,6.4-training_start-0.5-4.0_red_points.png,61
17.083393945019623,6.4-training_start-0.5-4.0_red_points.png,62
28.576018945363586,6.4-training_start-0.5-4.0_red_points.png,63
20.466797500856558,6.5-training_start-0.5-4.0_red_points.png,1
33.118019631364696,6.5-training_start-0.5-4.0_red_points.png,2
34.926899657157655,6.5-training_start-0.5-4.0_red_points.png,3
24.49964252841761,6.5-training_start-0.5-4.0_red_points.png,4
35.93183300482041,6.5-training_start-0.5-4.0_red_points.png,5
14.191774917049464,6.5-training_start-0.5-4.0_red_points.png,6
22.503470121638557,6.5-training_start-0.5-4.0_red_points.png,7
26.141375562089152,6.5-training_start-0.5-4.0_red_points.png,8
19.685410550939196,6.5-training_start-0.5-4.0_red_points.png,9
20.351316934060776,6.5-training_start-0.5-4.0_red_points.png,10
24.312756419390013,6.5-training_start-0.5-4.0_red_points.png,11
19.015454985830694,6.5-training_start-0.5-4.0_red_points.png,12
48.25186921012239,6.5-training_start-0.5-4.0_red_points.png,13
21.494290576732155,6.5-training_start-0.5-4.0_red_points.png,14
11.176974874061202,6.5-training_start-0.5-4.0_red_points.png,15
25.246041741339774,6.5-training_start-0.5-4.0_red_points.png,16
16.879904626490827,6.5-training_start-0.5-4.0_red_points.png,17
20.087383890004297,6.5-training_start-0.5-4.0_red_points.png,18
15.8331660515653,6.5-training_start-0.5-4.0_red_points.png,19
50.811127383652085,6.5-training_start-0.5-4.0_red_points.png,20
21.0253216811562,6.5-training_start-0.5-4.0_red_points.png,21
28.086713693757048,6.5-training_start-0.5-4.0_red_points.png,22
34.31263919324492,6.5-training_start-0.5-4.0_red_points.png,23
10.376635648973888,6.5-training_start-0.5-4.0_red_points.png,24
27.343149903110735,6.5-training_start-0.5-4.0_red_points.png,25
16.907801846911063,6.5-training_start-0.5-4.0_red_points.png,26
13.565042291625382,6.5-training_start-0.5-4.0_red_points.png,27
32.885643435355036,6.5-training_start-0.5-4.0_red_points.png,28
19.417428324895795,6.5-training_start-0.5-4.0_red_points.png,29
30.672681818718658,6.5-training_start-0.5-4.0_red_points.png,30
15.575855684081148,6.5-training_start-0.5-4.0_red_points.png,31
20.582193928805864,6.5-training_start-0.5-4.0_red_points.png,32
28.36133511909432,6.5-training_start-0.5-4.0_red_points.png,33
22.20039720946285,6.5-training_start-0.5-4.0_red_points.png,34
32.548557401022464,6.5-training_start-0.5-4.0_red_points.png,35
20.124569497058488,6.5-training_start-0.5-4.0_red_points.png,36
29.86568988801978,6.5-training_start-0.5-4.0_red_points.png,37
35.42689334064803,6.5-training_start-0.5-4.0_red_points.png,38
28.461828453860598,6.5-training_start-0.5-4.0_red_points.png,39
24.062701708005534,6.5-training_start-0.5-4.0_red_points.png,40
17.100649553121933,6.5-training_start-0.5-4.0_red_points.png,41
20.023315323826445,6.5-training_start-0.5-4.0_red_points.png,42
8.670732010041661,6.5-training_start-0.5-4.0_red_points.png,43
25.33869517055691,6.5-training_start-0.5-4.0_red_points.png,44
29.10498579636476,6.5-training_start-0.5-4.0_red_points.png,45
28.3684533969736,6.5-training_start-0.5-4.0_red_points.png,46
14.62277966393593,6.5-training_start-0.5-4.0_red_points.png,47
22.234445833662903,6.5-training_start-0.5-4.0_red_points.png,48
47.8905398420072,6.5-training_start-0.5-4.0_red_points.png,49
20.65684612034653,6.5-training_start-0.5-4.0_red_points.png,50
13.99078824751691,6.5-training_start-0.5-4.0_red_points.png,51
25.648015080404882,6.5-training_start-0.5-4.0_red_points.png,52
33.58173397348882,6.5-training_start-0.5-4.0_red_points.png,53
13.966669847173009,6.5-training_start-0.5-4.0_red_points.png,54
24.080319058050982,6.5-training_start-0.5-4.0_red_points.png,55
18.94845942931984,6.5-training_start-0.5-4.0_red_points.png,56
25.3774994089472,6.5-training_start-0.5-4.0_red_points.png,57
4.946388118552115,6.5-training_start-0.5-4.0_red_points.png,58
18.73630683370215,6.5-training_start-0.5-4.0_red_points.png,59
17.575050520847412,6.5-training_start-0.5-4.0_red_points.png,60
9.636077074311636,6.5-training_start-0.5-4.0_red_points.png,61
28.66064620249891,6.5-training_start-0.5-4.0_red_points.png,62
14.80554066056822,6.5-training_start-0.5-4.0_red_points.png,63
24.743575067508402,6.5-training_start-0.5-4.0_red_points.png,64
7.3917259311981525,6.5-training_start-0.5-4.0_red_points.png,65
20.3801938811076,6.5-training_start-0.5-4.0_red_points.png,66
6.560695942989099,6.5-training_start-0.5-4.0_red_points.png,67
21.929761694052686,6.5-training_start-0.5-4.0_red_points.png,68
