t,tau2,tau3,tau6,tau7,dtr2,dtr3,dtr6,dtr7
t,tau2,tau3,tau6,tau7,dtr2,dtr3,dtr6,dtr7
0.090000,13.104524,0.340654,-2.150000,0.840000,1.204524,0.240654,-14.360783,17.596854
0.190000,13.164237,1.100000,-0.650000,0.840000,1.264237,4.537042,4.557050,4.334188
0.290000,10.746331,-0.694753,-0.650000,-0.660000,-1.153669,-0.794753,2.730325,-7.570538
0.390000,11.291281,-0.055260,-0.650000,-0.660000,-0.608719,-0.155260,1.116866,-7.583914
0.490000,12.074629,0.978962,-0.650000,-0.660000,0.174629,0.878962,2.325942,-1.180748
0.590000,11.754794,-0.494281,-0.650000,-0.660000,-0.145206,-0.594281,0.900586,-15.354710
0.690000,12.033995,0.096055,-1.282780,-0.660000,0.133995,-0.003945,0.117220,-5.783947
0.790000,12.299923,0.826606,-2.150000,0.840000,0.399923,0.726606,-0.863058,1.566555
0.890000,12.533021,1.100000,-2.150000,0.840000,0.633021,1.242677,-2.011779,8.262422
0.990000,12.690797,0.885963,-2.150000,-0.660000,0.790797,0.785963,-2.396988,-1.861208
1.090000,12.671568,0.433911,-2.150000,-0.660000,0.771568,0.333911,-2.337506,-3.333457
1.190000,12.696420,0.693982,-2.150000,0.840000,0.796420,0.593982,-2.383549,2.356624
1.290000,12.656199,1.100000,-2.150000,0.840000,0.756199,1.358734,-2.310384,10.209757
1.390000,12.526211,1.100000,-2.150000,0.840000,0.626211,1.559230,-2.115360,16.505673
1.490000,12.372591,1.100000,-2.150000,0.840000,0.472591,1.233131,-1.597689,16.082732
1.590000,12.135014,0.668671,-2.150000,0.840000,0.235014,0.568671,-0.831251,6.026069
1.690000,11.874576,0.728078,-1.389116,0.840000,-0.025424,0.628078,0.010884,12.918517
1.790000,11.732818,1.100000,-0.985238,0.840000,-0.167182,1.440909,0.414762,15.012129
1.890000,11.641383,0.874668,-0.650000,0.840000,-0.258617,0.774668,0.796383,9.284418
1.990000,11.472157,-0.257170,-0.650000,-0.660000,-0.427843,-0.357170,1.439728,-2.217446
2.090000,11.268272,-0.900000,-0.650000,-0.660000,-0.631728,-1.129087,2.166719,-16.242897
2.190000,11.194952,-0.900000,-0.650000,-0.660000,-0.705048,-1.313152,2.567059,-23.712874
2.290000,11.223896,-0.900000,-0.650000,-0.660000,-0.676104,-1.776573,2.422820,-24.777247
2.390000,11.216549,-0.900000,-0.650000,-0.660000,-0.683451,-1.108892,2.491522,-19.348974
2.490000,11.260414,-0.900000,-0.650000,-0.660000,-0.639586,-1.169482,2.279100,-12.603860
2.590000,11.373542,-0.900000,-0.650000,-0.660000,-0.526458,-1.119713,2.123869,-17.644324
2.690000,11.475353,-0.900000,-0.650000,-0.660000,-0.424647,-1.278071,1.952255,-24.536890
2.790000,11.536609,-0.900000,-0.650000,-0.660000,-0.363391,-1.607498,1.583555,-22.280756
2.890000,11.597272,-0.900000,-0.650000,-0.660000,-0.302728,-1.301554,1.480868,-24.671618
2.990000,11.619633,-0.900000,-0.650000,-0.660000,-0.280367,-1.341325,1.253878,-18.025484
3.090000,11.823016,-0.678633,-0.765599,-0.660000,-0.076984,-0.778633,0.634401,-13.899789
3.190000,12.093731,0.085840,-1.617210,-0.660000,0.193731,-0.014160,-0.217210,-6.409536
3.290000,12.371868,0.844545,-2.150000,0.840000,0.471868,0.744545,-1.206463,1.588517
3.390000,12.610464,1.100000,-2.150000,0.840000,0.710464,1.346483,-2.177931,8.351161
3.490000,12.689528,0.964597,-2.150000,0.227949,0.789528,0.864597,-2.437573,0.137949
3.590000,12.711984,0.939882,-2.150000,-0.660000,0.811984,0.839882,-2.550715,-2.051740
3.690000,12.696380,0.759765,-2.150000,0.840000,0.796380,0.659765,-2.498160,4.898929
3.790000,12.607544,1.100000,-2.150000,0.840000,0.707544,1.327904,-2.102303,14.606907
3.890000,12.428881,1.100000,-2.150000,0.840000,0.528881,1.265028,-1.599938,14.706417
3.990000,12.163038,0.810279,-2.150000,0.840000,0.263038,0.710279,-0.907099,7.075623
4.090000,11.867408,-0.224989,-1.335336,-0.660000,-0.032592,-0.324989,0.064664,-7.125235
4.190000,11.567852,-0.199594,-0.650000,-0.660000,-0.332148,-0.299594,0.998640,-1.149777
4.290000,11.336634,-0.900000,-0.650000,-0.660000,-0.563366,-1.115368,1.899496,-14.568108
4.390000,11.240325,-0.900000,-0.650000,-0.660000,-0.659675,-1.266935,2.429864,-20.040489
4.490000,11.279571,-0.684236,-0.650000,-0.660000,-0.620429,-0.784236,2.453829,-16.703045
4.590000,11.505392,0.048230,-0.650000,-0.660000,-0.394608,-0.051770,1.758936,-11.594661
4.690000,11.781888,-0.637699,-0.650000,-0.660000,-0.118112,-0.737699,0.938021,-18.681488
4.790000,11.918115,-0.857192,-0.958630,-0.660000,0.018115,-0.957192,0.441370,-23.059087
4.890000,11.977163,-0.736068,-1.249770,-0.660000,0.077163,-0.836068,0.150230,-16.691302
4.990000,12.186097,0.045521,-1.814480,-0.660000,0.286097,-0.054479,-0.414480,-10.114935
5.090000,12.480483,0.490777,-2.150000,0.840000,0.580483,0.390777,-2.180176,11.170543
5.190000,12.305542,-0.900000,-2.150000,-0.660000,0.405542,-1.059995,-0.920396,-7.510906
5.290000,12.344453,-0.758882,-1.797925,-0.660000,0.444453,-0.858882,-0.397925,-15.519566
5.390000,12.291904,0.058945,-1.783447,-0.660000,0.391904,-0.041055,-0.383447,-37.227560
5.490000,10.897349,0.349516,-0.650000,-0.660000,-1.002651,0.249516,6.371861,-74.801264
5.590000,10.437722,0.338331,-0.650000,-0.660000,-1.462278,0.238331,14.551813,-106.959683
t,tau2,tau3,tau6,tau7,dtr2,dtr3,dtr6,dtr7
0.090000,13.900000,-0.584593,-0.650000,-0.660000,3.598607,-0.684593,6.185138,-1.746325
0.190000,9.900000,-0.840672,-0.650000,-0.660000,-4.967815,-0.940672,11.668142,-2.320783
0.290000,11.669069,0.959842,-2.150000,-0.660000,-0.230931,0.859842,-8.167566,-23.884052
0.390000,10.692158,-0.900000,-0.650000,-0.660000,-1.207842,-1.557394,1.508381,-2.772771
0.490000,11.051680,-0.633098,-2.150000,-0.660000,-0.848320,-0.733098,-1.648957,-8.101500
0.590000,12.346687,0.002139,-0.650000,-0.660000,0.446687,-0.097861,1.048790,-2.008879
0.690000,11.840463,-0.900000,-1.053138,-0.660000,-0.059537,-1.381601,0.346862,-15.277657
0.790000,11.517308,-0.900000,-0.650000,-0.660000,-0.382692,-1.218136,1.834505,-20.832614
0.890000,11.248913,-0.779703,-0.650000,-0.660000,-0.651087,-0.879703,2.647878,-20.039773
0.990000,11.222887,-0.900000,-0.650000,-0.660000,-0.677113,-1.775597,2.388117,-28.879306
1.090000,11.269696,-0.900000,-0.650000,-0.660000,-0.630304,-1.278882,2.071302,-22.519017
1.190000,11.467277,-0.655811,-0.650000,-0.660000,-0.432723,-0.755811,1.598038,-17.817156
1.290000,11.757271,0.071191,-0.650000,-0.660000,-0.142729,-0.028809,0.763028,-12.158213
1.390000,11.963330,-0.349130,-1.302092,-0.660000,0.063330,-0.449130,0.097908,-13.785656
1.490000,12.112366,0.065329,-1.921053,-0.660000,0.212366,-0.034671,-0.521053,-6.921042
1.590000,12.318013,0.857991,-2.150000,0.508830,0.418013,0.757991,-1.343430,0.418830
1.690000,12.518903,1.100000,-2.150000,0.840000,0.618903,1.370491,-2.188803,12.621863
1.790000,12.559249,1.100000,-2.150000,0.840000,0.659249,1.582877,-2.422977,16.905530
1.890000,12.504542,1.100000,-2.150000,0.840000,0.604542,1.736205,-2.298810,19.168443
1.990000,12.450177,1.100000,-2.150000,0.840000,0.550177,1.338365,-2.109854,2.966754
2.090000,12.459633,1.100000,-2.150000,0.840000,0.559633,1.319800,-2.191428,7.289207
2.190000,12.430550,1.100000,-2.150000,0.840000,0.530550,1.255367,-2.044815,14.319058
2.290000,12.266597,1.100000,-2.150000,0.840000,0.366597,1.214970,-1.588134,14.389439
2.390000,12.033394,0.717329,-2.150000,0.840000,0.133394,0.617329,-0.879613,5.966276
2.490000,11.777627,0.247164,-1.423984,0.840000,-0.122373,0.147164,-0.023984,3.706294
2.590000,11.585565,0.712265,-0.827431,0.840000,-0.314435,0.612265,0.572569,10.234388
2.690000,11.413813,-0.273047,-0.650000,-0.660000,-0.486187,-0.373047,1.233466,-1.832966
2.790000,11.212319,-0.900000,-0.650000,-0.660000,-0.687681,-1.175485,2.014318,-15.518001
2.890000,11.139762,-0.900000,-0.650000,-0.660000,-0.760238,-1.354888,2.399055,-21.786343
2.990000,11.207907,-0.762731,-0.650000,-0.660000,-0.692093,-0.862731,2.323865,-19.867924
3.090000,11.387064,-0.900000,-0.650000,-0.660000,-0.512936,-1.764333,1.793828,-29.185776
3.190000,11.424822,-0.900000,-0.650000,-0.660000,-0.475178,-1.357501,1.692524,-23.260682
3.290000,11.489230,-0.900000,-0.650000,-0.660000,-0.410770,-1.510429,1.441219,-21.983179
3.390000,11.653436,-0.732453,-0.650000,-0.660000,-0.246564,-0.832453,1.060201,-19.250741
3.490000,11.770096,-0.900000,-0.683483,-0.660000,-0.129904,-1.739992,0.716517,-28.969050
3.590000,11.744199,-0.900000,-0.662197,-0.660000,-0.155801,-1.355138,0.737803,-23.562189
3.690000,11.734907,-0.900000,-0.711867,-0.660000,-0.165093,-1.842528,0.688133,-24.687543
3.790000,11.737352,-0.900000,-0.668560,-0.660000,-0.162648,-1.155493,0.731440,-19.679750
3.890000,11.641805,-0.900000,-0.650000,-0.660000,-0.258195,-1.235296,0.915018,-14.305529
3.990000,11.721970,-0.900000,-0.650000,-0.660000,-0.178030,-1.347131,0.846908,-20.546525
4.090000,11.839650,-0.740613,-0.923099,-0.660000,-0.060350,-0.840613,0.476901,-17.505345
4.190000,12.001536,-0.007502,-1.571988,-0.660000,0.101536,-0.107502,-0.171988,-11.777008
4.290000,12.157428,-0.615403,-2.057370,-0.660000,0.257428,-0.715403,-0.657370,-16.534731
4.390000,12.264163,0.002261,-2.150000,-0.660000,0.364163,-0.097739,-0.993569,-10.096466
4.490000,12.333877,-0.086183,-2.150000,-0.660000,0.433877,-0.186183,-1.370289,-9.048836
4.590000,12.478733,0.775651,-2.150000,-0.660000,0.578733,0.675651,-1.882044,-1.766442
4.690000,12.590454,0.139868,-2.150000,-0.660000,0.690454,0.039868,-2.191679,-8.943301
4.790000,12.617030,0.757519,-2.150000,-0.660000,0.717030,0.657519,-2.423550,-2.447804
4.890000,12.610460,0.712332,-2.150000,0.840000,0.710460,0.612332,-2.435534,5.665206
4.990000,12.595200,1.100000,-2.150000,0.840000,0.695200,1.275227,-2.484371,15.929419
5.090000,11.835000,-0.857446,-0.650000,-0.660000,-0.065000,-0.957446,0.997791,-27.172544
5.190000,12.084458,-0.224202,-0.650000,-0.660000,0.184458,-0.324202,1.896077,-44.362246
5.290000,11.090698,0.296126,-0.650000,-0.660000,-0.809302,0.196126,10.240257,-92.145587
5.390000,10.358709,1.100000,-0.650000,-0.660000,-1.541291,2.375021,24.128508,-170.668990
t,tau2,tau3,tau6,tau7,dtr2,dtr3,dtr6,dtr7
0.090000,12.044833,-0.175247,-2.150000,0.840000,0.144833,-0.275247,-6.920357,7.375974
0.190000,13.900000,1.100000,-0.650000,-0.660000,3.671251,1.021225,9.707874,-3.889313
0.290000,9.900000,0.453877,-0.650000,-0.660000,-2.209067,0.353877,3.206573,-11.317093
0.390000,11.522769,-0.308058,-0.650000,0.840000,-0.377231,-0.408058,2.201334,11.928555
0.490000,10.566624,1.100000,-0.650000,0.840000,-1.333376,1.802422,2.211362,19.522838
0.590000,10.878776,1.100000,-0.650000,0.840000,-1.021224,1.563492,1.283520,16.026892
0.690000,10.944126,1.100000,-0.650000,0.840000,-0.955874,1.048646,2.045256,15.901296
0.790000,10.864131,0.702033,-0.650000,0.840000,-1.035869,0.602033,2.193388,5.276526
0.890000,10.849280,0.614733,-0.650000,0.840000,-1.050720,0.514733,2.388324,9.832732
0.990000,10.881688,-0.251561,-0.650000,-0.660000,-1.018312,-0.351561,2.338069,-3.032893
1.090000,10.837810,-0.900000,-0.650000,-0.660000,-1.062190,-1.081730,2.273094,-17.658368
1.190000,11.020646,-0.900000,-0.650000,-0.660000,-0.879354,-1.166287,2.235398,-20.519089
1.290000,11.189243,-0.679690,-0.650000,-0.660000,-0.710757,-0.779690,1.743520,-17.648325
1.390000,11.418305,0.122872,-0.650000,-0.660000,-0.481695,0.022872,0.816250,-8.352185
1.490000,11.775518,0.849670,-1.868946,-0.660000,-0.124482,0.749670,-0.468946,-1.364659
1.590000,12.030318,-0.025469,-2.150000,-0.660000,0.130318,-0.125469,-1.265616,-15.228914
1.690000,12.100172,0.093195,-2.150000,-0.660000,0.200172,-0.006805,-1.567792,-9.336486
1.790000,12.238963,0.877668,-2.150000,0.840000,0.338963,0.777668,-2.073609,4.034096
1.890000,12.359156,1.100000,-2.150000,0.840000,0.459156,1.380726,-2.454843,13.434296
1.990000,12.345288,1.100000,-2.150000,0.840000,0.445288,1.314928,-2.530089,13.720770
2.090000,12.123585,1.100000,-2.150000,0.840000,0.223585,1.101175,-1.915529,13.570121
2.190000,11.949947,1.100000,-2.150000,0.840000,0.049947,1.484597,-1.449674,19.201729
2.290000,11.773244,1.100000,-2.150000,0.840000,-0.126756,1.732151,-1.183556,13.274814
2.390000,11.707406,1.100000,-2.119189,0.840000,-0.192594,1.415254,-0.719189,14.575674
2.490000,11.627428,1.100000,-1.919692,0.840000,-0.272572,1.690357,-0.519692,12.111528
2.590000,11.588157,1.100000,-1.694610,0.840000,-0.311843,1.653683,-0.294610,17.811412
2.690000,11.471307,1.100000,-1.228203,0.840000,-0.428693,1.333620,0.171797,5.275105
2.790000,11.331177,1.100000,-0.680767,0.840000,-0.568823,1.276487,0.719233,11.325067
2.890000,11.158624,1.100000,-0.650000,0.840000,-0.741376,1.665870,1.205603,17.223169
2.990000,11.022510,1.100000,-0.650000,0.840000,-0.877490,1.529056,1.700464,15.121343
3.090000,10.982259,1.100000,-0.650000,0.840000,-0.917741,1.223779,2.035664,14.286533
3.190000,10.928695,0.972497,-0.650000,0.840000,-0.971305,0.872497,2.258005,10.972134
3.290000,11.056996,1.100000,-0.650000,0.840000,-0.843004,1.385177,1.741667,12.868417
3.390000,11.170795,1.100000,-0.650000,0.840000,-0.729205,1.364456,1.492931,18.366190
3.490000,11.401127,0.625310,-0.650000,0.840000,-0.498873,0.525310,0.944929,6.655993
3.590000,11.591484,0.381698,-1.021438,0.840000,-0.308516,0.281698,0.378562,6.028582
3.690000,11.816745,0.737079,-1.874289,0.840000,-0.083255,0.637079,-0.474289,12.621466
3.790000,12.039907,1.100000,-2.150000,0.840000,0.139907,1.470882,-1.546861,14.996948
3.890000,12.271017,0.651974,-2.150000,0.840000,0.371017,0.551974,-2.175686,5.344811
3.990000,12.204385,0.729877,-2.150000,0.840000,0.304385,0.629877,-1.955833,13.291348
4.090000,12.081764,1.100000,-2.150000,0.840000,0.181764,1.441956,-1.611027,18.645666
4.190000,11.816873,1.100000,-2.150000,0.840000,-0.083127,1.279863,-0.937465,13.269619
4.290000,11.637022,0.906427,-1.683699,0.840000,-0.262978,0.806427,-0.283699,10.054967
4.390000,11.422142,0.626550,-1.059035,0.840000,-0.477858,0.526550,0.340965,6.080609
4.490000,11.249345,-0.271238,-0.650000,-0.660000,-0.650655,-0.371238,0.973757,-6.089974
4.590000,11.042821,-0.547855,-0.650000,-0.660000,-0.857179,-0.647855,1.670394,-4.866694
4.690000,10.976015,-0.900000,-0.650000,-0.660000,-0.923985,-1.158531,2.022592,-17.117214
4.790000,10.957856,-0.900000,-0.650000,-0.660000,-0.942144,-1.358355,2.243200,-22.242036
4.890000,11.128202,-0.758167,-0.650000,-0.660000,-0.771798,-0.858167,1.813417,-18.528205
4.990000,11.375475,-0.842960,-0.650000,-0.660000,-0.524525,-0.942960,0.932396,-14.448793
5.090000,11.414973,-0.016638,-2.150000,0.840000,-0.485027,-0.116638,-2.134920,3.763768
5.190000,11.070343,-0.563393,-2.150000,0.840000,-0.829657,-0.663393,-3.219554,3.198040
5.290000,12.424545,-0.245195,-2.150000,-0.046638,0.524545,-0.345195,-8.955996,-0.136638
5.390000,11.755648,-0.900000,-2.150000,-0.660000,-0.144352,-1.102259,-11.008151,-25.191898
5.490000,12.440405,1.100000,-2.150000,-0.660000,0.540405,1.355388,-15.082460,-9.872580
5.590000,12.318714,-0.153618,-2.150000,-0.660000,0.418714,-0.253618,-16.753954,-19.959382
5.690000,11.045562,-0.900000,-2.150000,-0.660000,-0.854438,-1.494048,-16.461756,-45.151638
5.790000,10.926636,0.686167,-2.150000,-0.660000,-0.973364,0.586167,-18.356960,-37.952071
5.890000,11.523969,-0.100256,-2.150000,-0.660000,-0.376031,-0.200256,-18.376526,-53.959938
5.990000,11.747731,-0.900000,-2.150000,-0.660000,-0.152269,-1.430176,-13.762698,-104.783591
t,tau2,tau3,tau6,tau7,dtr2,dtr3,dtr6,dtr7
0.090000,10.284670,-0.048024,-0.650000,-0.171256,-1.615330,-0.148024,2.015209,-0.261256
0.190000,11.552275,0.148163,-0.650000,-0.660000,-0.347725,0.048163,1.678632,-3.041948
0.290000,10.768616,-0.900000,-0.650000,-0.660000,-1.131384,-1.517705,2.171562,-17.937733
0.390000,11.061398,-0.900000,-0.650000,-0.660000,-0.838602,-1.278296,2.049055,-23.856031
0.490000,11.128876,-0.900000,-0.650000,-0.660000,-0.771124,-1.493682,2.233953,-19.169669
0.590000,11.225838,-0.771475,-0.650000,-0.660000,-0.674162,-0.871475,1.750311,-18.770523
0.690000,11.432074,-0.900000,-0.650000,-0.660000,-0.467926,-1.745163,1.180342,-27.334711
0.790000,11.388671,-0.900000,-0.650000,-0.660000,-0.511329,-1.354294,1.238408,-21.711274
0.890000,11.539805,-0.767102,-0.650000,-0.660000,-0.360195,-0.867102,1.005205,-20.066003
0.990000,11.644691,-0.900000,-0.924526,-0.660000,-0.255309,-1.009999,0.475474,-14.904452
1.090000,11.887267,0.039703,-1.627948,-0.660000,-0.012733,-0.060297,-0.227948,-7.955959
1.190000,12.152168,0.840455,-2.150000,-0.407738,0.252168,0.740455,-1.189395,-0.497738
1.290000,12.366112,0.813801,-2.150000,0.840000,0.466112,0.713801,-2.022524,4.080362
1.390000,12.496810,1.100000,-2.150000,0.840000,0.596810,1.367565,-2.546458,12.768230
1.490000,12.522215,1.100000,-2.150000,0.840000,0.622215,1.387339,-2.753748,13.541395
1.590000,12.292452,0.683309,-2.150000,0.840000,0.392452,0.583309,-1.957043,5.887386
1.690000,12.025892,0.592143,-2.150000,0.840000,0.125892,0.492143,-1.106882,9.252213
1.790000,11.762839,-0.174512,-1.653680,-0.660000,-0.137161,-0.274512,-0.253680,-2.070884
1.890000,11.449675,-0.900000,-0.702427,-0.660000,-0.450325,-1.107176,0.697573,-15.245254
1.990000,11.173108,-0.900000,-0.650000,-0.660000,-0.726892,-1.301704,1.773209,-21.664589
2.090000,11.115070,-0.646142,-0.650000,-0.660000,-0.784930,-0.746142,2.169838,-14.956604
2.190000,11.271867,0.039692,-0.650000,-0.660000,-0.628133,-0.060308,1.719992,-8.675053
2.290000,11.620770,0.821849,-0.824274,-0.660000,-0.279230,0.721849,0.575726,-1.985569
2.390000,11.966401,-0.007433,-1.915754,-0.660000,0.066401,-0.107433,-0.515754,-14.180182
2.490000,12.137488,0.056822,-2.150000,-0.660000,0.237488,-0.043178,-1.179313,-6.992346
2.590000,12.383912,0.833928,-2.150000,0.840000,0.483912,0.733928,-2.027280,1.547751
2.690000,12.502482,1.100000,-2.150000,0.840000,0.602482,1.308962,-2.555191,9.748291
2.790000,12.534195,1.100000,-2.150000,0.840000,0.634195,1.284269,-2.832600,10.732790
2.890000,12.465829,1.100000,-2.150000,0.840000,0.565829,1.701660,-2.575912,18.603616
2.990000,12.292569,1.100000,-2.150000,0.840000,0.392569,1.249392,-2.182859,5.199848
3.090000,12.222106,1.100000,-2.150000,0.840000,0.322106,1.276667,-1.782451,12.548317
3.190000,12.059282,1.100000,-2.150000,0.840000,0.159282,1.227655,-1.201039,12.822366
3.290000,11.850215,1.100000,-2.034789,0.840000,-0.049785,1.103031,-0.634789,14.560156
3.390000,11.643179,0.707156,-1.409822,0.840000,-0.256821,0.607156,-0.009822,5.675803
3.490000,11.435096,-0.103911,-0.758658,-0.660000,-0.464904,-0.203911,0.641342,-3.414916
3.590000,11.260250,-0.900000,-0.650000,-0.660000,-0.639750,-1.184872,1.317455,-16.365596
3.690000,11.095679,-0.900000,-0.650000,-0.660000,-0.804321,-1.346657,2.040198,-21.816826
3.790000,11.104362,-0.741617,-0.650000,-0.660000,-0.795638,-0.841617,2.222824,-18.430336
3.890000,11.261073,-0.900000,-0.650000,-0.660000,-0.638927,-1.746424,1.598006,-27.586718
3.990000,11.333166,-0.900000,-0.650000,-0.660000,-0.566834,-1.338937,1.284047,-20.496063
4.090000,11.548501,-0.728991,-0.653464,-0.660000,-0.351499,-0.828991,0.746536,-16.959621
4.190000,11.795313,0.026708,-1.389402,-0.660000,-0.104687,-0.073292,0.010598,-10.390368
4.290000,11.997417,-0.900000,-2.150000,-0.660000,0.097417,-1.049239,-0.783482,-21.974577
4.390000,12.137596,-0.723687,-2.150000,-0.660000,0.237596,-0.823687,-1.186937,-15.294575
4.490000,12.342302,0.041529,-2.150000,-0.660000,0.442302,-0.058471,-1.829830,-8.327102
4.590000,12.483414,0.812649,-2.150000,-0.559675,0.583414,0.712649,-2.410784,-0.649675
4.690000,12.497687,0.135688,-2.150000,-0.660000,0.597687,0.035688,-2.592181,-9.063678
4.790000,12.545359,0.829508,-2.150000,0.840000,0.645359,0.729508,-2.740846,3.211769
4.890000,12.496080,1.100000,-2.150000,0.840000,0.596080,1.314785,-2.607279,12.167577
4.990000,12.332306,1.100000,-2.150000,0.840000,0.432306,1.249037,-2.111360,12.575702
5.090000,11.675019,-0.817394,-0.650000,-0.660000,-0.224981,-0.917394,2.362163,-30.098841
5.190000,11.906664,-0.256667,-0.650000,-0.660000,0.006664,-0.356667,5.924742,-78.150850
5.290000,11.440094,1.100000,-0.650000,-0.660000,-0.459906,1.817518,22.291487,-166.535830
t,tau2,tau3,tau6,tau7,dtr2,dtr3,dtr6,dtr7
0.090000,13.900000,0.555573,-2.150000,0.840000,2.405048,0.455573,-10.555601,2.262031
0.190000,12.803542,-0.900000,-0.650000,0.840000,0.903542,-1.232946,4.007357,14.975915
0.290000,10.830976,0.103273,-2.150000,0.840000,-1.069024,0.003273,-0.908761,14.793211
0.390000,12.094785,1.100000,-1.699885,0.840000,0.194785,2.380422,-0.299885,12.759856
0.490000,12.263425,0.555239,-1.711105,0.840000,0.363425,0.455239,-0.311105,14.528473
0.590000,11.677688,0.649162,-2.150000,0.840000,-0.222312,0.549162,-1.450915,11.645643
0.690000,12.064683,1.100000,-1.399373,0.840000,0.164683,1.484755,0.000627,12.665350
0.790000,11.806035,1.100000,-2.001597,0.840000,-0.093965,1.056456,-0.601597,19.196959
0.890000,11.921029,1.100000,-1.978854,0.840000,0.021029,1.227422,-0.578854,14.252199
0.990000,11.874158,0.697601,-1.610471,0.840000,-0.025842,0.597601,-0.210471,7.430563
1.090000,11.598384,-0.400388,-1.069989,-0.660000,-0.301616,-0.500388,0.330011,-3.495391
1.190000,11.388580,-0.900000,-0.650000,-0.660000,-0.511420,-1.235253,1.394657,-16.292956
1.290000,11.180863,-0.900000,-0.650000,-0.660000,-0.719137,-1.434696,2.270459,-22.283828
1.390000,11.185145,-0.778447,-0.650000,-0.660000,-0.714855,-0.878447,2.328155,-14.530990
1.490000,11.463821,-0.096692,-0.650000,-0.660000,-0.436179,-0.196692,1.481351,-7.082805
1.590000,11.832025,0.694380,-1.170778,0.840000,-0.067975,0.594380,0.229222,1.448017
1.690000,12.216535,1.100000,-2.150000,0.840000,0.316535,1.235042,-1.176652,9.608467
1.790000,12.527735,0.889045,-2.150000,0.840000,0.627735,0.789045,-2.217600,3.080786
1.890000,12.589861,1.100000,-2.150000,0.840000,0.689861,1.247069,-2.568258,11.603479
1.990000,12.569597,1.100000,-2.150000,0.840000,0.669597,1.569256,-2.650758,18.224952
2.090000,12.423971,1.100000,-2.150000,0.840000,0.523971,1.171756,-2.079481,17.514768
2.190000,12.201823,0.601318,-2.150000,0.840000,0.301823,0.501318,-1.314741,9.998825
2.290000,11.885769,-0.283191,-1.815818,-0.660000,-0.014231,-0.383191,-0.415818,-1.190181
2.390000,11.552016,-0.900000,-0.767231,-0.660000,-0.347984,-1.224380,0.632769,-13.785914
2.490000,11.285542,-0.900000,-0.650000,-0.660000,-0.614458,-1.411612,1.681593,-18.695874
2.590000,11.183539,-0.818246,-0.650000,-0.660000,-0.716461,-0.918246,2.186842,-14.911910
2.690000,11.318198,-0.078073,-0.650000,-0.660000,-0.581802,-0.178073,1.852133,-8.305400
2.790000,11.674262,0.686412,-0.717815,-0.660000,-0.225738,0.586412,0.682185,-1.203242
2.890000,12.032880,-0.240663,-1.711289,-0.660000,0.132880,-0.340663,-0.311289,-14.880629
2.990000,12.171757,-0.074191,-2.150000,-0.660000,0.271757,-0.174191,-0.876329,-7.727629
3.090000,12.361181,0.710943,-2.150000,0.554709,0.461181,0.610943,-1.645678,0.464709
3.190000,12.530067,1.100000,-2.150000,0.840000,0.630067,1.256349,-2.359894,13.048881
3.290000,12.555376,1.100000,-2.150000,0.840000,0.655376,1.202106,-2.517898,13.329676
3.390000,12.376868,1.100000,-2.150000,0.840000,0.476868,1.378731,-2.044981,20.691838
3.490000,12.327443,1.100000,-2.150000,0.840000,0.427443,1.611349,-1.918243,14.719883
3.590000,12.237791,1.100000,-2.150000,0.840000,0.337791,1.158974,-1.585034,14.107138
3.690000,12.025726,0.588290,-2.150000,0.840000,0.125726,0.488290,-0.896398,4.683082
3.790000,11.789784,0.642526,-1.653058,0.840000,-0.110216,0.542526,-0.253058,11.581033
3.890000,11.703885,1.100000,-1.438813,0.840000,-0.196115,1.381892,-0.038813,19.288737
3.990000,11.729717,1.100000,-1.500281,0.840000,-0.170283,1.613540,-0.100281,17.885624
4.090000,11.710145,1.100000,-1.242710,0.840000,-0.189855,1.098126,0.157290,16.400790
4.190000,11.581388,0.542458,-0.864051,0.840000,-0.318612,0.442458,0.535949,8.006815
4.290000,11.395040,-0.338781,-0.650000,-0.660000,-0.504960,-0.438781,1.148086,-4.241293
4.390000,11.202834,-0.900000,-0.650000,-0.660000,-0.697166,-1.287806,1.914376,-18.380529
4.490000,11.102754,-0.900000,-0.650000,-0.660000,-0.797246,-1.463749,2.216425,-15.148381
4.590000,11.107288,-0.900000,-0.650000,-0.660000,-0.792712,-1.444999,2.416857,-19.865157
4.690000,11.284256,-0.840401,-0.650000,-0.660000,-0.615744,-0.940401,1.945277,-16.058108
4.790000,11.564039,-0.088835,-0.650000,-0.660000,-0.335961,-0.188835,1.066350,-9.200507
4.890000,11.933548,0.696055,-1.658999,0.840000,0.033548,0.596055,-0.258999,1.399473
4.990000,12.301145,1.100000,-2.150000,0.840000,0.401145,1.227779,-1.531609,9.498250
5.090000,12.620168,-0.626091,-2.150000,-0.660000,0.720168,-0.726091,-3.108831,-4.437894
5.190000,11.470957,-0.480753,-0.650000,-0.660000,-0.429043,-0.580753,1.700317,-35.926347
5.290000,11.595326,-0.104578,-0.650000,-0.660000,-0.304674,-0.204578,5.821223,-69.396171
5.390000,11.887565,0.949965,-0.650000,-0.660000,-0.012435,0.849965,18.428071,-166.204688
t,tau2,tau3,tau6,tau7,dtr2,dtr3,dtr6,dtr7
0.090000,12.181636,-0.604454,-2.150000,-0.660000,0.281636,-0.704454,-9.001580,-7.383936
0.190000,13.763544,1.072458,-0.650000,-0.660000,1.863544,0.972458,12.601603,-2.818867
0.290000,10.549470,-0.900000,-0.650000,0.840000,-1.350530,-4.355510,6.940134,10.192923
0.390000,12.090470,1.100000,-1.028903,-0.660000,0.190470,1.026841,0.371097,-1.212738
0.490000,12.205800,-0.900000,-0.650000,-0.660000,0.305800,-1.930603,0.929807,-19.280641
0.590000,11.066953,-0.900000,-0.746328,-0.660000,-0.833047,-1.118848,0.653672,-19.697760
0.690000,11.455473,-0.777467,-0.650000,-0.660000,-0.444527,-0.877467,2.067692,-16.746000
0.790000,11.278464,-0.365705,-0.650000,-0.660000,-0.621536,-0.465705,2.287677,-8.079948
0.890000,11.647730,0.612755,-0.650000,0.840000,-0.252270,0.512755,1.551966,2.654642
0.990000,12.125792,1.100000,-1.055672,0.840000,0.225792,1.044604,0.344328,12.544504
1.090000,12.458232,1.100000,-2.150000,0.840000,0.558232,1.042668,-1.147540,14.029562
1.190000,12.696552,0.689283,-2.150000,0.840000,0.796552,0.589283,-1.956699,8.605818
1.290000,12.600635,-0.340116,-2.150000,-0.660000,0.700635,-0.440116,-1.789782,-2.135492
1.390000,12.312038,-0.900000,-2.150000,-0.660000,0.412038,-1.258256,-0.958780,-14.802684
1.490000,11.987106,-0.900000,-1.256939,-0.660000,0.087106,-1.441611,0.143061,-19.762619
1.590000,11.676450,-0.869179,-0.650000,-0.660000,-0.223550,-0.969179,1.160135,-15.375955
1.690000,11.424570,-0.146420,-0.650000,-0.660000,-0.475430,-0.246420,2.026921,-7.539731
1.790000,11.369435,0.603461,-0.650000,0.840000,-0.530565,0.503461,2.330139,1.456077
1.890000,11.506889,1.100000,-0.650000,0.840000,-0.393111,1.117156,1.900928,9.991273
1.990000,11.730578,1.100000,-0.650000,0.840000,-0.169422,1.068136,1.243327,16.166749
2.090000,12.022102,1.100000,-0.944006,0.840000,0.122102,1.100402,0.455994,18.291242
2.190000,12.287314,0.542714,-1.836147,0.840000,0.387314,0.442714,-0.436147,10.053422
2.290000,12.461633,-0.370349,-2.150000,-0.660000,0.561633,-0.470349,-1.222999,-2.081148
2.390000,12.621802,-0.900000,-2.150000,-0.660000,0.721802,-1.329826,-1.948103,-15.470374
2.490000,12.665878,-0.900000,-2.150000,-0.660000,0.765878,-1.499296,-2.141131,-20.647811
2.590000,12.723435,-0.900000,-2.150000,-0.660000,0.823435,-1.001818,-2.214251,-16.869297
2.690000,12.650612,-0.195579,-2.150000,-0.660000,0.750612,-0.295579,-1.954806,-9.980101
2.790000,12.575270,-0.282842,-2.150000,-0.660000,0.675270,-0.382842,-1.706976,-10.714634
2.890000,12.361101,-0.900000,-2.150000,-0.660000,0.461101,-1.284645,-1.071989,-23.061954
2.990000,12.093429,-0.900000,-1.755689,-0.660000,0.193429,-1.058456,-0.355689,-14.634448
3.090000,11.815067,-0.226506,-0.848623,-0.660000,-0.084933,-0.326506,0.551377,-6.136788
3.190000,11.592273,0.517965,-0.650000,0.840000,-0.307727,0.417965,1.413692,3.414755
3.290000,11.438120,1.100000,-0.650000,0.840000,-0.461880,1.050188,1.991166,13.214220
3.390000,11.369430,1.100000,-0.650000,0.840000,-0.530570,1.015216,2.389069,14.069821
3.490000,11.376528,0.716088,-0.650000,0.840000,-0.523472,0.616088,2.325245,10.818579
3.590000,11.527101,1.100000,-0.650000,0.840000,-0.372899,1.206717,1.858062,17.582616
3.690000,11.683981,0.415683,-0.650000,0.840000,-0.216019,0.315683,1.389010,9.442115
3.790000,11.868472,-0.433547,-0.650000,-0.660000,-0.031528,-0.533547,0.873655,-2.501531
3.890000,12.025260,-0.900000,-1.161272,-0.660000,0.125260,-1.356412,0.238728,-15.948331
3.990000,12.228636,-0.900000,-1.759097,-0.660000,0.328636,-1.509688,-0.359097,-20.716074
4.090000,12.426094,-0.900000,-2.150000,-0.660000,0.526094,-1.004312,-0.958414,-15.380754
4.190000,12.630530,-0.196710,-2.150000,-0.660000,0.730530,-0.296710,-1.712788,-5.856197
4.290000,12.731306,0.551778,-2.150000,0.840000,0.831306,0.451778,-2.208371,5.741638
4.390000,12.782632,0.789905,-2.150000,0.840000,0.882632,0.689905,-2.409352,3.944204
4.490000,12.678565,1.100000,-2.150000,0.840000,0.778565,1.067200,-2.114559,14.798640
4.590000,12.498262,1.100000,-2.150000,0.840000,0.598262,1.038512,-1.501253,18.684368
4.690000,12.237675,1.100000,-2.138122,0.840000,0.337675,1.123899,-0.738122,15.480427
4.790000,11.978617,0.439173,-1.289772,0.840000,0.078617,0.339173,0.110228,8.476547
4.890000,11.708908,-0.454771,-0.650000,-0.660000,-0.191092,-0.554771,0.918122,-1.542639
4.990000,11.429134,-0.900000,-0.650000,-0.660000,-0.470866,-1.375615,1.853174,-12.237299
5.090000,11.798914,-0.900000,-0.650000,-0.660000,-0.101086,-1.395941,3.276567,-47.109292
5.190000,12.872973,-0.280804,-0.650000,-0.660000,0.972973,-0.380804,7.447903,-100.221852
5.290000,12.469161,1.100000,-0.650000,-0.660000,0.569161,1.436291,20.860256,-164.757257
t,tau2,tau3,tau6,tau7,dtr2,dtr3,dtr6,dtr7
0.090000,11.404073,-0.545972,-2.150000,-0.660000,-0.495927,-0.645972,-3.461390,-3.459882
0.190000,13.190244,-0.900000,-0.650000,-0.660000,1.290244,-1.252217,0.903619,-16.945424
